{"stat.craftItem.minecraft.stone_shovel":1,"stat.walkOneCm":29128,"stat.drop.minecraft.wooden_pickaxe":1,"stat.pickup.minecraft.crafting_table":2,"stat.craftItem.minecraft.crafting_table":1,"stat.mineBlock.minecraft.double_plant":8,"stat.pickup.minecraft.log":31,"stat.swimOneCm":880,"stat.jump":168,"stat.fallOneCm":2777,"stat.entityKilledBy.Skeleton":1,"stat.useItem.minecraft.stone_axe":42,"stat.pickup.minecraft.porkchop":11,"stat.pickup.minecraft.sapling":1,"stat.pickup.minecraft.dirt":7,"stat.sprintOneCm":22276,"stat.craftItem.minecraft.stick":8,"stat.craftingTableInteraction":2,"stat.pickup.minecraft.sand":27,"stat.craftItem.minecraft.planks":56,"stat.craftItem.minecraft.stone_axe":1,"stat.mineBlock.minecraft.crafting_table":2,"stat.damageTaken":410,"stat.craftItem.minecraft.stone_pickaxe":1,"stat.useItem.minecraft.wooden_pickaxe":22,"stat.mobKills":9,"stat.pickup.minecraft.cobblestone":13,"stat.mineBlock.minecraft.log":31,"stat.useItem.minecraft.stone_shovel":28,"stat.flyOneCm":27502,"stat.deaths":1,"stat.drop":1,"stat.pickup.minecraft.brown_mushroom":5,"stat.mineBlock.minecraft.sand":27,"stat.mineBlock.minecraft.leaves":3,"stat.playOneMinute":10281,"stat.killEntity.Sheep":4,"stat.pickup.minecraft.wool":4,"stat.damageDealt":935,"stat.timeSinceDeath":2144,"stat.useItem.minecraft.crafting_table":2,"stat.mineBlock.minecraft.dirt":7,"stat.killEntity.Pig":5,"stat.craftItem.minecraft.wooden_pickaxe":1,"stat.mineBlock.minecraft.stone":13,"stat.mineBlock.minecraft.tallgrass":2,"stat.diveOneCm":4011,"stat.pickup.minecraft.mutton":6}