{"stat.drop.minecraft.stone_pickaxe":3,"stat.pickup.minecraft.bone":8,"stat.useItem.minecraft.stone":1,"stat.drop.minecraft.wooden_pickaxe":3,"stat.useItem.minecraft.iron_axe":4,"stat.pickup.minecraft.gravel":15,"stat.pickup.minecraft.arrow":11,"stat.drop.minecraft.stone_shovel":1,"stat.craftItem.minecraft.cooked_porkchop":9,"stat.pickup.minecraft.stone_pickaxe":1,"stat.pickup.minecraft.flint":2,"stat.craftItem.minecraft.iron_axe":1,"stat.mineBlock.minecraft.sandstone":3,"stat.useItem.minecraft.rotten_flesh":5,"stat.swimOneCm":19690,"stat.jump":1066,"stat.useItem.minecraft.sand":8,"stat.pickup.minecraft.coal":172,"stat.fallOneCm":16633,"stat.useItem.minecraft.planks":9,"stat.craftItem.minecraft.shield":2,"stat.pickup.minecraft.iron_ingot":1,"stat.pickup.minecraft.glowstone_dust":2,"stat.useItem.minecraft.stone_axe":64,"stat.pickup.minecraft.porkchop":22,"stat.crouchOneCm":17056,"stat.craftItem.minecraft.torch":80,"stat.craftItem.minecraft.iron_ingot":66,"stat.breakItem.minecraft.iron_pickaxe":2,"stat.pickup.minecraft.dirt":53,"stat.useItem.minecraft.dirt":14,"stat.craftItem.minecraft.iron_helmet":1,"stat.craftingTableInteraction":38,"stat.pickup.minecraft.iron_ore":115,"stat.pickup.minecraft.rotten_flesh":7,"stat.pickup.minecraft.sand":35,"stat.craftItem.minecraft.furnace":2,"stat.pickup.minecraft.gold_ore":38,"stat.mineBlock.minecraft.lapis_ore":1,"stat.craftItem.minecraft.stone_axe":3,"stat.craftItem.minecraft.iron_boots":1,"stat.pickup.minecraft.wooden_pickaxe":1,"stat.drop.minecraft.leather_boots":1,"stat.damageTaken":2026,"stat.craftItem.minecraft.stone_pickaxe":3,"stat.mineBlock.minecraft.torch":5,"stat.mineBlock.minecraft.furnace":2,"stat.useItem.minecraft.wooden_pickaxe":92,"stat.useItem.minecraft.furnace":3,"stat.pickup.minecraft.cobblestone":517,"stat.pickup.minecraft.leather_boots":1,"stat.pickup.minecraft.dye":4,"stat.pickup.minecraft.planks":45,"stat.useItem.minecraft.stone_shovel":51,"stat.flyOneCm":120707,"stat.pickup.minecraft.bed":3,"stat.pickup.minecraft.sandstone":3,"stat.craftItem.minecraft.iron_shovel":1,"stat.pickup.minecraft.brown_mushroom":5,"stat.mineBlock.minecraft.sand":28,"stat.killEntity.Witch":1,"stat.entityKilledBy.Zombie":2,"stat.mineBlock.minecraft.gravel":14,"stat.useItem.minecraft.stone_pickaxe":102,"stat.craftItem.minecraft.iron_leggings":1,"stat.damageDealt":5396,"stat.pickup.minecraft.redstone":43,"stat.mineBlock.minecraft.iron_ore":113,"stat.sleepInBed":3,"stat.timeSinceDeath":48551,"stat.useItem.minecraft.crafting_table":13,"stat.mineBlock.minecraft.dirt":44,"stat.useItem.minecraft.iron_pickaxe":705,"stat.craftItem.minecraft.wooden_pickaxe":4,"stat.killEntity.Pig":10,"stat.pickup.minecraft.mutton":11,"stat.craftItem.minecraft.iron_sword":2,"stat.useItem.minecraft.iron_shovel":5,"stat.drop.minecraft.cooked_mutton":3,"stat.craftItem.minecraft.stone_shovel":3,"stat.walkOneCm":302333,"stat.craftItem.minecraft.bed":1,"stat.useItem.minecraft.torch":75,"stat.pickup.minecraft.stick":2,"stat.drop.minecraft.rotten_flesh":1,"stat.pickup.minecraft.crafting_table":12,"stat.useItem.minecraft.cobblestone":2,"stat.furnaceInteraction":62,"stat.craftItem.minecraft.crafting_table":4,"stat.useItem.minecraft.gravel":7,"stat.mineBlock.minecraft.double_plant":14,"stat.useItem.minecraft.cooked_porkchop":4,"stat.mineBlock.minecraft.coal_ore":140,"stat.pickup.minecraft.log":62,"stat.useItem.minecraft.cooked_mutton":8,"stat.pickup.minecraft.furnace":2,"stat.entityKilledBy.Skeleton":2,"stat.craftItem.minecraft.gold_ingot":4,"stat.pickup.minecraft.stone":61,"stat.craftItem.minecraft.iron_chestplate":1,"stat.pickup.minecraft.sapling":5,"stat.sprintOneCm":77811,"stat.craftItem.minecraft.stick":72,"stat.killEntity.Skeleton":8,"stat.craftItem.minecraft.bucket":2,"stat.useItem.minecraft.bed":3,"stat.craftItem.minecraft.planks":180,"stat.useItem.minecraft.iron_sword":59,"stat.mineBlock.minecraft.diamond_ore":6,"stat.mineBlock.minecraft.crafting_table":12,"stat.mobKills":36,"stat.mineBlock.minecraft.log":62,"stat.mineBlock.minecraft.planks":3,"stat.deaths":4,"stat.drop":13,"stat.pickup.minecraft.diamond":6,"stat.mineBlock.minecraft.leaves":13,"stat.playOneMinute":94881,"stat.pickup.minecraft.torch":9,"stat.killEntity.Sheep":8,"stat.mineBlock.minecraft.redstone_ore":9,"stat.sneakTime":5632,"stat.craftItem.minecraft.iron_pickaxe":5,"stat.pickup.minecraft.wool":8,"stat.drop.minecraft.stone_axe":1,"stat.killEntity.Zombie":9,"stat.mineBlock.minecraft.stone":561,"stat.mineBlock.minecraft.gold_ore":38,"stat.mineBlock.minecraft.tallgrass":5,"stat.craftItem.minecraft.cooked_mutton":14,"stat.diveOneCm":9116,"stat.useItem.minecraft.sandstone":2}