{"stat.drop.minecraft.stone_pickaxe":2,"stat.pickup.minecraft.bone":4,"stat.drop.minecraft.wooden_pickaxe":2,"stat.pickup.minecraft.gravel":13,"stat.pickup.minecraft.arrow":2,"stat.pickup.minecraft.stone_pickaxe":1,"stat.pickup.minecraft.flint":2,"stat.mineBlock.minecraft.sandstone":3,"stat.useItem.minecraft.rotten_flesh":5,"stat.swimOneCm":13713,"stat.jump":598,"stat.useItem.minecraft.sand":8,"stat.pickup.minecraft.coal":58,"stat.fallOneCm":10214,"stat.useItem.minecraft.planks":9,"stat.craftItem.minecraft.shield":1,"stat.pickup.minecraft.glowstone_dust":2,"stat.useItem.minecraft.stone_axe":44,"stat.pickup.minecraft.porkchop":13,"stat.crouchOneCm":10481,"stat.craftItem.minecraft.torch":20,"stat.craftItem.minecraft.iron_ingot":15,"stat.breakItem.minecraft.iron_pickaxe":1,"stat.pickup.minecraft.dirt":43,"stat.useItem.minecraft.dirt":13,"stat.craftingTableInteraction":14,"stat.pickup.minecraft.iron_ore":30,"stat.pickup.minecraft.rotten_flesh":5,"stat.pickup.minecraft.sand":35,"stat.craftItem.minecraft.furnace":1,"stat.pickup.minecraft.gold_ore":13,"stat.craftItem.minecraft.stone_axe":2,"stat.pickup.minecraft.wooden_pickaxe":1,"stat.damageTaken":1545,"stat.craftItem.minecraft.stone_pickaxe":2,"stat.useItem.minecraft.wooden_pickaxe":64,"stat.useItem.minecraft.furnace":1,"stat.pickup.minecraft.cobblestone":225,"stat.pickup.minecraft.planks":45,"stat.useItem.minecraft.stone_shovel":51,"stat.flyOneCm":81233,"stat.pickup.minecraft.sandstone":3,"stat.pickup.minecraft.brown_mushroom":5,"stat.mineBlock.minecraft.sand":28,"stat.killEntity.Witch":1,"stat.entityKilledBy.Zombie":1,"stat.mineBlock.minecraft.gravel":12,"stat.useItem.minecraft.stone_pickaxe":35,"stat.damageDealt":2564,"stat.pickup.minecraft.redstone":11,"stat.mineBlock.minecraft.iron_ore":31,"stat.timeSinceDeath":28443,"stat.useItem.minecraft.crafting_table":7,"stat.mineBlock.minecraft.dirt":39,"stat.useItem.minecraft.iron_pickaxe":262,"stat.craftItem.minecraft.wooden_pickaxe":3,"stat.killEntity.Pig":6,"stat.pickup.minecraft.mutton":6,"stat.craftItem.minecraft.iron_sword":1,"stat.drop.minecraft.cooked_mutton":3,"stat.craftItem.minecraft.stone_shovel":2,"stat.walkOneCm":127309,"stat.useItem.minecraft.torch":20,"stat.pickup.minecraft.stick":2,"stat.pickup.minecraft.crafting_table":6,"stat.furnaceInteraction":28,"stat.craftItem.minecraft.crafting_table":3,"stat.useItem.minecraft.gravel":5,"stat.mineBlock.minecraft.double_plant":13,"stat.mineBlock.minecraft.coal_ore":52,"stat.pickup.minecraft.log":48,"stat.useItem.minecraft.cooked_mutton":6,"stat.entityKilledBy.Skeleton":2,"stat.craftItem.minecraft.gold_ingot":4,"stat.pickup.minecraft.stone":35,"stat.pickup.minecraft.sapling":1,"stat.sprintOneCm":53990,"stat.craftItem.minecraft.stick":32,"stat.killEntity.Skeleton":1,"stat.craftItem.minecraft.bucket":1,"stat.craftItem.minecraft.planks":124,"stat.useItem.minecraft.iron_sword":26,"stat.mineBlock.minecraft.crafting_table":6,"stat.mobKills":17,"stat.mineBlock.minecraft.log":48,"stat.mineBlock.minecraft.planks":3,"stat.deaths":3,"stat.drop":7,"stat.mineBlock.minecraft.leaves":12,"stat.playOneMinute":46281,"stat.pickup.minecraft.torch":4,"stat.killEntity.Sheep":4,"stat.mineBlock.minecraft.redstone_ore":2,"stat.sneakTime":3175,"stat.craftItem.minecraft.iron_pickaxe":2,"stat.pickup.minecraft.wool":4,"stat.killEntity.Zombie":5,"stat.mineBlock.minecraft.stone":244,"stat.mineBlock.minecraft.gold_ore":13,"stat.mineBlock.minecraft.tallgrass":4,"stat.craftItem.minecraft.cooked_mutton":9,"stat.diveOneCm":9116,"stat.useItem.minecraft.sandstone":2}