{"stat.craftItem.minecraft.stone_shovel":1,"stat.walkOneCm":49463,"stat.drop.minecraft.wooden_pickaxe":1,"stat.pickup.minecraft.crafting_table":4,"stat.craftItem.minecraft.crafting_table":3,"stat.furnaceInteraction":1,"stat.mineBlock.minecraft.double_plant":13,"stat.pickup.minecraft.log":48,"stat.swimOneCm":1926,"stat.jump":412,"stat.fallOneCm":8300,"stat.useItem.minecraft.planks":4,"stat.entityKilledBy.Skeleton":2,"stat.useItem.minecraft.stone_axe":42,"stat.pickup.minecraft.porkchop":13,"stat.crouchOneCm":30,"stat.pickup.minecraft.sapling":1,"stat.pickup.minecraft.dirt":20,"stat.useItem.minecraft.dirt":12,"stat.sprintOneCm":46249,"stat.craftItem.minecraft.stick":24,"stat.craftingTableInteraction":5,"stat.pickup.minecraft.sand":27,"stat.craftItem.minecraft.planks":124,"stat.craftItem.minecraft.stone_axe":1,"stat.mineBlock.minecraft.crafting_table":4,"stat.damageTaken":825,"stat.craftItem.minecraft.stone_pickaxe":2,"stat.useItem.minecraft.wooden_pickaxe":64,"stat.mobKills":10,"stat.pickup.minecraft.cobblestone":49,"stat.mineBlock.minecraft.log":48,"stat.pickup.minecraft.planks":45,"stat.useItem.minecraft.stone_shovel":28,"stat.flyOneCm":73109,"stat.deaths":3,"stat.mineBlock.minecraft.planks":3,"stat.drop":1,"stat.pickup.minecraft.brown_mushroom":5,"stat.mineBlock.minecraft.sand":27,"stat.mineBlock.minecraft.leaves":12,"stat.playOneMinute":21981,"stat.entityKilledBy.Zombie":1,"stat.killEntity.Sheep":4,"stat.sneakTime":14,"stat.pickup.minecraft.wool":4,"stat.damageDealt":1056,"stat.timeSinceDeath":4143,"stat.useItem.minecraft.crafting_table":4,"stat.mineBlock.minecraft.dirt":19,"stat.killEntity.Pig":6,"stat.craftItem.minecraft.wooden_pickaxe":3,"stat.mineBlock.minecraft.stone":49,"stat.mineBlock.minecraft.tallgrass":4,"stat.craftItem.minecraft.cooked_mutton":9,"stat.diveOneCm":7420,"stat.pickup.minecraft.mutton":6}