{"stat.drop.minecraft.stone_pickaxe":3,"stat.chestOpened":11,"stat.pickup.minecraft.bone":10,"stat.useItem.minecraft.stone":1,"stat.drop.minecraft.wooden_pickaxe":3,"stat.useItem.minecraft.iron_axe":17,"stat.pickup.minecraft.gravel":15,"stat.pickup.minecraft.arrow":12,"stat.drop.minecraft.stone_shovel":1,"stat.pickup.minecraft.iron_sword":1,"stat.craftItem.minecraft.cooked_porkchop":9,"stat.mineBlock.minecraft.cobblestone":22,"stat.pickup.minecraft.stone_pickaxe":1,"stat.pickup.minecraft.flint":2,"stat.craftItem.minecraft.iron_axe":1,"stat.mineBlock.minecraft.sandstone":3,"stat.useItem.minecraft.rotten_flesh":5,"stat.swimOneCm":23922,"stat.jump":1841,"stat.useItem.minecraft.sand":8,"stat.pickup.minecraft.coal":180,"stat.fallOneCm":34067,"stat.useItem.minecraft.planks":9,"stat.craftItem.minecraft.shield":2,"stat.pickup.minecraft.iron_ingot":1,"stat.drop.minecraft.stone":7,"stat.pickup.minecraft.glowstone_dust":2,"stat.useItem.minecraft.stone_axe":64,"stat.pickup.minecraft.porkchop":22,"stat.crouchOneCm":17886,"stat.craftItem.minecraft.torch":80,"stat.craftItem.minecraft.iron_ingot":126,"stat.breakItem.minecraft.iron_pickaxe":3,"stat.pickup.minecraft.dirt":67,"stat.useItem.minecraft.dirt":37,"stat.craftItem.minecraft.iron_helmet":1,"stat.drop.minecraft.iron_sword":1,"stat.useItem.minecraft.water_bucket":1,"stat.craftingTableInteraction":41,"stat.pickup.minecraft.iron_ore":136,"stat.pickup.minecraft.rotten_flesh":7,"stat.pickup.minecraft.sand":35,"stat.craftItem.minecraft.furnace":4,"stat.pickup.minecraft.gold_ore":38,"stat.mineBlock.minecraft.lapis_ore":1,"stat.craftItem.minecraft.stone_axe":3,"stat.craftItem.minecraft.iron_boots":1,"stat.pickup.minecraft.wooden_pickaxe":1,"stat.drop.minecraft.leather_boots":1,"stat.damageTaken":2314,"stat.pickup.minecraft.leather":4,"stat.craftItem.minecraft.trapdoor":2,"stat.drop.minecraft.bone":4,"stat.craftItem.minecraft.stone_pickaxe":3,"stat.mineBlock.minecraft.torch":5,"stat.mineBlock.minecraft.furnace":2,"stat.useItem.minecraft.wooden_pickaxe":92,"stat.useItem.minecraft.furnace":4,"stat.pickup.minecraft.cobblestone":572,"stat.pickup.minecraft.leather_boots":1,"stat.pickup.minecraft.dye":4,"stat.pickup.minecraft.planks":45,"stat.useItem.minecraft.stone_shovel":51,"stat.flyOneCm":213841,"stat.pickup.minecraft.bed":5,"stat.pickup.minecraft.sandstone":3,"stat.craftItem.minecraft.iron_shovel":1,"stat.pickup.minecraft.brown_mushroom":5,"stat.mineBlock.minecraft.sand":28,"stat.pickup.minecraft.potato":5,"stat.killEntity.Witch":1,"stat.entityKilledBy.Zombie":2,"stat.mineBlock.minecraft.gravel":14,"stat.useItem.minecraft.stone_pickaxe":102,"stat.craftItem.minecraft.iron_leggings":1,"stat.damageDealt":8179,"stat.pickup.minecraft.redstone":43,"stat.mineBlock.minecraft.iron_ore":134,"stat.sleepInBed":4,"stat.timeSinceDeath":72851,"stat.killEntity.Cow":4,"stat.useItem.minecraft.crafting_table":13,"stat.mineBlock.minecraft.dirt":58,"stat.useItem.minecraft.iron_pickaxe":787,"stat.craftItem.minecraft.wooden_pickaxe":4,"stat.killEntity.Pig":10,"stat.pickup.minecraft.mutton":34,"stat.craftItem.minecraft.iron_sword":2,"stat.useItem.minecraft.iron_shovel":20,"stat.drop.minecraft.cooked_mutton":3,"stat.craftItem.minecraft.stone_shovel":3,"stat.walkOneCm":381952,"stat.craftItem.minecraft.bed":1,"stat.useItem.minecraft.torch":76,"stat.pickup.minecraft.stick":2,"stat.drop.minecraft.rotten_flesh":2,"stat.pickup.minecraft.crafting_table":12,"stat.useItem.minecraft.cobblestone":62,"stat.furnaceInteraction":75,"stat.craftItem.minecraft.crafting_table":4,"stat.useItem.minecraft.gravel":7,"stat.mineBlock.minecraft.double_plant":14,"stat.useItem.minecraft.cooked_porkchop":8,"stat.pickup.minecraft.trapdoor":2,"stat.mineBlock.minecraft.coal_ore":148,"stat.drop.minecraft.wool":3,"stat.pickup.minecraft.log":69,"stat.pickup.minecraft.beef":8,"stat.useItem.minecraft.cooked_mutton":8,"stat.pickup.minecraft.furnace":2,"stat.entityKilledBy.Skeleton":2,"stat.craftItem.minecraft.gold_ingot":4,"stat.pickup.minecraft.stone":61,"stat.craftItem.minecraft.iron_chestplate":1,"stat.drop.minecraft.sapling":4,"stat.pickup.minecraft.sapling":7,"stat.useItem.minecraft.trapdoor":2,"stat.sprintOneCm":135554,"stat.craftItem.minecraft.stick":72,"stat.drop.minecraft.furnace":1,"stat.killEntity.Skeleton":10,"stat.craftItem.minecraft.bucket":2,"stat.useItem.minecraft.bed":6,"stat.craftItem.minecraft.planks":180,"stat.useItem.minecraft.iron_sword":106,"stat.mineBlock.minecraft.diamond_ore":6,"stat.mineBlock.minecraft.crafting_table":12,"stat.killEntity.Spider":1,"stat.mobKills":62,"stat.mineBlock.minecraft.log":69,"stat.useItem.minecraft.bucket":1,"stat.mineBlock.minecraft.planks":3,"stat.deaths":4,"stat.useItem.minecraft.spruce_door":1,"stat.drop":22,"stat.pickup.minecraft.diamond":6,"stat.mineBlock.minecraft.leaves":20,"stat.playOneMinute":119181,"stat.pickup.minecraft.torch":18,"stat.killEntity.Sheep":26,"stat.mineBlock.minecraft.redstone_ore":9,"stat.sneakTime":5868,"stat.craftItem.minecraft.iron_pickaxe":5,"stat.pickup.minecraft.wool":25,"stat.drop.minecraft.stone_axe":1,"stat.killEntity.Zombie":9,"stat.mineBlock.minecraft.stone":591,"stat.mineBlock.minecraft.gold_ore":38,"stat.mineBlock.minecraft.tallgrass":8,"stat.craftItem.minecraft.cooked_mutton":18,"stat.diveOneCm":10616,"stat.useItem.minecraft.sandstone":2,"stat.craftItem.minecraft.spruce_door":3}