{"stat.drop.minecraft.stone_pickaxe":3,"stat.chestOpened":44,"stat.pickup.minecraft.bone":11,"stat.useItem.minecraft.stone":16,"stat.drop.minecraft.wooden_pickaxe":3,"stat.useItem.minecraft.iron_axe":65,"stat.pickup.minecraft.gravel":18,"stat.pickup.minecraft.arrow":13,"stat.drop.minecraft.stone_shovel":1,"stat.pickup.minecraft.iron_sword":1,"stat.craftItem.minecraft.cooked_porkchop":9,"stat.mineBlock.minecraft.cobblestone":26,"stat.pickup.minecraft.stone_pickaxe":1,"stat.pickup.minecraft.flint":2,"stat.craftItem.minecraft.iron_axe":1,"stat.mineBlock.minecraft.sandstone":3,"stat.useItem.minecraft.rotten_flesh":5,"stat.drop.minecraft.iron_pickaxe":1,"stat.swimOneCm":23922,"stat.jump":2305,"stat.useItem.minecraft.sand":8,"stat.pickup.minecraft.coal":207,"stat.fallOneCm":37111,"stat.useItem.minecraft.planks":9,"stat.craftItem.minecraft.shield":2,"stat.pickup.minecraft.iron_ingot":1,"stat.drop.minecraft.stone":7,"stat.pickup.minecraft.glowstone_dust":2,"stat.useItem.minecraft.stone_axe":64,"stat.pickup.minecraft.porkchop":22,"stat.crouchOneCm":18031,"stat.craftItem.minecraft.torch":168,"stat.craftItem.minecraft.iron_ingot":199,"stat.breakItem.minecraft.iron_pickaxe":7,"stat.pickup.minecraft.dirt":122,"stat.useItem.minecraft.dirt":40,"stat.craftItem.minecraft.iron_helmet":1,"stat.drop.minecraft.iron_sword":1,"stat.useItem.minecraft.water_bucket":1,"stat.craftingTableInteraction":45,"stat.pickup.minecraft.iron_ore":173,"stat.pickup.minecraft.rotten_flesh":7,"stat.pickup.minecraft.sand":35,"stat.craftItem.minecraft.furnace":4,"stat.pickup.minecraft.gold_ore":38,"stat.useItem.minecraft.sapling":2,"stat.mineBlock.minecraft.lapis_ore":11,"stat.craftItem.minecraft.stone_axe":3,"stat.craftItem.minecraft.iron_boots":1,"stat.pickup.minecraft.wooden_pickaxe":1,"stat.drop.minecraft.leather_boots":1,"stat.damageTaken":2858,"stat.pickup.minecraft.leather":4,"stat.craftItem.minecraft.trapdoor":2,"stat.drop.minecraft.bone":4,"stat.useItem.minecraft.golden_pickaxe":168,"stat.craftItem.minecraft.stone_pickaxe":3,"stat.mineBlock.minecraft.torch":15,"stat.mineBlock.minecraft.furnace":2,"stat.useItem.minecraft.wooden_pickaxe":92,"stat.useItem.minecraft.furnace":4,"stat.craftItem.minecraft.cooked_beef":11,"stat.pickup.minecraft.cobblestone":1540,"stat.pickup.minecraft.leather_boots":1,"stat.pickup.minecraft.dye":60,"stat.pickup.minecraft.planks":45,"stat.useItem.minecraft.stone_shovel":51,"stat.flyOneCm":283121,"stat.pickup.minecraft.bed":5,"stat.pickup.minecraft.sandstone":3,"stat.craftItem.minecraft.iron_shovel":1,"stat.pickup.minecraft.brown_mushroom":5,"stat.mineBlock.minecraft.sand":28,"stat.pickup.minecraft.potato":5,"stat.killEntity.Witch":2,"stat.entityKilledBy.Zombie":2,"stat.mineBlock.minecraft.gravel":17,"stat.useItem.minecraft.stone_pickaxe":102,"stat.useItem.minecraft.cooked_beef":8,"stat.craftItem.minecraft.iron_leggings":1,"stat.damageDealt":9850,"stat.pickup.minecraft.redstone":178,"stat.mineBlock.minecraft.iron_ore":171,"stat.sleepInBed":6,"stat.timeSinceDeath":122351,"stat.killEntity.Silverfish":3,"stat.killEntity.Cow":5,"stat.useItem.minecraft.crafting_table":13,"stat.mineBlock.minecraft.dirt":113,"stat.useItem.minecraft.iron_pickaxe":1887,"stat.craftItem.minecraft.wooden_pickaxe":4,"stat.killEntity.Pig":10,"stat.pickup.minecraft.mutton":35,"stat.craftItem.minecraft.iron_sword":2,"stat.craftItem.minecraft.golden_pickaxe":5,"stat.useItem.minecraft.iron_shovel":78,"stat.drop.minecraft.cooked_mutton":3,"stat.craftItem.minecraft.stone_shovel":3,"stat.mineBlock.minecraft.monster_egg":1,"stat.walkOneCm":519361,"stat.craftItem.minecraft.bed":1,"stat.useItem.minecraft.torch":180,"stat.pickup.minecraft.stick":2,"stat.drop.minecraft.rotten_flesh":2,"stat.pickup.minecraft.crafting_table":12,"stat.useItem.minecraft.cobblestone":67,"stat.furnaceInteraction":115,"stat.craftItem.minecraft.crafting_table":4,"stat.useItem.minecraft.gravel":7,"stat.mineBlock.minecraft.double_plant":14,"stat.useItem.minecraft.cooked_porkchop":8,"stat.pickup.minecraft.trapdoor":2,"stat.mineBlock.minecraft.coal_ore":175,"stat.drop.minecraft.wool":3,"stat.mineBlock.minecraft.emerald_ore":7,"stat.pickup.minecraft.log":107,"stat.pickup.minecraft.beef":11,"stat.pickup.minecraft.iron_pickaxe":1,"stat.useItem.minecraft.cooked_mutton":10,"stat.pickup.minecraft.furnace":2,"stat.entityKilledBy.Skeleton":2,"stat.craftItem.minecraft.gold_ingot":21,"stat.pickup.minecraft.stone":229,"stat.craftItem.minecraft.iron_chestplate":1,"stat.drop.minecraft.sapling":4,"stat.pickup.minecraft.sapling":12,"stat.useItem.minecraft.trapdoor":2,"stat.sprintOneCm":207289,"stat.craftItem.minecraft.stick":112,"stat.drop.minecraft.furnace":1,"stat.killEntity.Skeleton":11,"stat.craftItem.minecraft.bucket":2,"stat.useItem.minecraft.bed":6,"stat.craftItem.minecraft.planks":200,"stat.useItem.minecraft.iron_sword":139,"stat.mineBlock.minecraft.diamond_ore":7,"stat.mineBlock.minecraft.crafting_table":12,"stat.killEntity.Spider":1,"stat.mobKills":73,"stat.pickup.minecraft.emerald":6,"stat.mineBlock.minecraft.log":109,"stat.useItem.minecraft.bucket":1,"stat.mineBlock.minecraft.planks":3,"stat.deaths":4,"stat.useItem.minecraft.spruce_door":1,"stat.drop":23,"stat.pickup.minecraft.diamond":7,"stat.mineBlock.minecraft.leaves":27,"stat.playOneMinute":168681,"stat.pickup.minecraft.torch":28,"stat.killEntity.Sheep":27,"stat.mineBlock.minecraft.redstone_ore":38,"stat.sneakTime":6021,"stat.craftItem.minecraft.iron_pickaxe":9,"stat.pickup.minecraft.wool":26,"stat.drop.minecraft.stone_axe":1,"stat.killEntity.Zombie":13,"stat.mineBlock.minecraft.stone":1733,"stat.mineBlock.minecraft.gold_ore":38,"stat.mineBlock.minecraft.tallgrass":10,"stat.craftItem.minecraft.cooked_mutton":45,"stat.diveOneCm":10616,"stat.breakItem.minecraft.golden_pickaxe":5,"stat.useItem.minecraft.sandstone":2,"stat.craftItem.minecraft.spruce_door":3}