{"stat.drop.minecraft.stone_pickaxe":2,"stat.pickup.minecraft.bone":4,"stat.drop.minecraft.wooden_pickaxe":3,"stat.useItem.minecraft.iron_axe":1,"stat.pickup.minecraft.gravel":13,"stat.pickup.minecraft.arrow":2,"stat.craftItem.minecraft.cooked_porkchop":9,"stat.pickup.minecraft.stone_pickaxe":1,"stat.pickup.minecraft.flint":2,"stat.craftItem.minecraft.iron_axe":1,"stat.mineBlock.minecraft.sandstone":3,"stat.useItem.minecraft.rotten_flesh":5,"stat.swimOneCm":19690,"stat.jump":881,"stat.useItem.minecraft.sand":8,"stat.pickup.minecraft.coal":162,"stat.fallOneCm":15946,"stat.useItem.minecraft.planks":9,"stat.craftItem.minecraft.shield":2,"stat.pickup.minecraft.glowstone_dust":2,"stat.useItem.minecraft.stone_axe":64,"stat.pickup.minecraft.porkchop":22,"stat.crouchOneCm":13395,"stat.craftItem.minecraft.torch":52,"stat.craftItem.minecraft.iron_ingot":31,"stat.breakItem.minecraft.iron_pickaxe":1,"stat.pickup.minecraft.dirt":53,"stat.useItem.minecraft.dirt":14,"stat.craftItem.minecraft.iron_helmet":1,"stat.craftingTableInteraction":25,"stat.pickup.minecraft.iron_ore":58,"stat.pickup.minecraft.rotten_flesh":5,"stat.pickup.minecraft.sand":35,"stat.craftItem.minecraft.furnace":2,"stat.pickup.minecraft.gold_ore":29,"stat.craftItem.minecraft.stone_axe":3,"stat.pickup.minecraft.wooden_pickaxe":1,"stat.damageTaken":1720,"stat.craftItem.minecraft.stone_pickaxe":3,"stat.mineBlock.minecraft.torch":1,"stat.mineBlock.minecraft.furnace":1,"stat.useItem.minecraft.wooden_pickaxe":92,"stat.useItem.minecraft.furnace":2,"stat.pickup.minecraft.cobblestone":379,"stat.pickup.minecraft.planks":45,"stat.useItem.minecraft.stone_shovel":51,"stat.flyOneCm":112900,"stat.pickup.minecraft.bed":1,"stat.pickup.minecraft.sandstone":3,"stat.craftItem.minecraft.iron_shovel":1,"stat.pickup.minecraft.brown_mushroom":5,"stat.mineBlock.minecraft.sand":28,"stat.killEntity.Witch":1,"stat.entityKilledBy.Zombie":2,"stat.mineBlock.minecraft.gravel":12,"stat.useItem.minecraft.stone_pickaxe":102,"stat.damageDealt":3336,"stat.pickup.minecraft.redstone":11,"stat.mineBlock.minecraft.iron_ore":59,"stat.sleepInBed":1,"stat.timeSinceDeath":24251,"stat.useItem.minecraft.crafting_table":10,"stat.mineBlock.minecraft.dirt":44,"stat.useItem.minecraft.iron_pickaxe":474,"stat.craftItem.minecraft.wooden_pickaxe":4,"stat.killEntity.Pig":10,"stat.pickup.minecraft.mutton":11,"stat.craftItem.minecraft.iron_sword":2,"stat.useItem.minecraft.iron_shovel":5,"stat.drop.minecraft.cooked_mutton":3,"stat.craftItem.minecraft.stone_shovel":3,"stat.walkOneCm":214042,"stat.craftItem.minecraft.bed":1,"stat.useItem.minecraft.torch":46,"stat.pickup.minecraft.stick":2,"stat.pickup.minecraft.crafting_table":9,"stat.furnaceInteraction":38,"stat.craftItem.minecraft.crafting_table":4,"stat.useItem.minecraft.gravel":5,"stat.mineBlock.minecraft.double_plant":14,"stat.mineBlock.minecraft.coal_ore":136,"stat.pickup.minecraft.log":62,"stat.useItem.minecraft.cooked_mutton":8,"stat.pickup.minecraft.furnace":1,"stat.entityKilledBy.Skeleton":2,"stat.craftItem.minecraft.gold_ingot":4,"stat.pickup.minecraft.stone":42,"stat.pickup.minecraft.sapling":5,"stat.sprintOneCm":75453,"stat.craftItem.minecraft.stick":56,"stat.killEntity.Skeleton":1,"stat.craftItem.minecraft.bucket":1,"stat.useItem.minecraft.bed":1,"stat.craftItem.minecraft.planks":176,"stat.useItem.minecraft.iron_sword":26,"stat.mineBlock.minecraft.crafting_table":9,"stat.mobKills":26,"stat.mineBlock.minecraft.log":62,"stat.mineBlock.minecraft.planks":3,"stat.deaths":4,"stat.drop":8,"stat.mineBlock.minecraft.leaves":13,"stat.playOneMinute":70581,"stat.pickup.minecraft.torch":5,"stat.killEntity.Sheep":8,"stat.mineBlock.minecraft.redstone_ore":2,"stat.sneakTime":4726,"stat.craftItem.minecraft.iron_pickaxe":3,"stat.pickup.minecraft.wool":8,"stat.killEntity.Zombie":6,"stat.mineBlock.minecraft.stone":416,"stat.mineBlock.minecraft.gold_ore":29,"stat.mineBlock.minecraft.tallgrass":5,"stat.craftItem.minecraft.cooked_mutton":14,"stat.diveOneCm":9116,"stat.useItem.minecraft.sandstone":2}