{"stat.drop.minecraft.stone_pickaxe":3,"stat.chestOpened":73,"stat.pickup.minecraft.bone":11,"stat.useItem.minecraft.stone":22,"stat.drop.minecraft.wooden_pickaxe":3,"stat.useItem.minecraft.iron_axe":68,"stat.pickup.minecraft.gravel":24,"stat.pickup.minecraft.arrow":15,"stat.drop.minecraft.stone_shovel":1,"stat.pickup.minecraft.iron_sword":1,"stat.craftItem.minecraft.cooked_porkchop":9,"stat.mineBlock.minecraft.cobblestone":26,"stat.pickup.minecraft.stone_pickaxe":1,"stat.pickup.minecraft.flint":5,"stat.craftItem.minecraft.iron_axe":1,"stat.drop.minecraft.redstone":1,"stat.mineBlock.minecraft.sandstone":3,"stat.useItem.minecraft.rotten_flesh":5,"stat.drop.minecraft.iron_pickaxe":1,"stat.swimOneCm":26536,"stat.jump":2640,"stat.useItem.minecraft.sand":8,"stat.pickup.minecraft.coal":256,"stat.fallOneCm":37738,"stat.useItem.minecraft.planks":9,"stat.craftItem.minecraft.shield":2,"stat.pickup.minecraft.iron_ingot":1,"stat.drop.minecraft.stone":7,"stat.mineBlock.minecraft.web":3,"stat.pickup.minecraft.glowstone_dust":2,"stat.useItem.minecraft.stone_axe":64,"stat.pickup.minecraft.porkchop":22,"stat.pickup.minecraft.gunpowder":1,"stat.crouchOneCm":18050,"stat.pickup.minecraft.rail":2,"stat.pickup.minecraft.spider_eye":1,"stat.craftItem.minecraft.torch":240,"stat.craftItem.minecraft.iron_ingot":274,"stat.breakItem.minecraft.iron_pickaxe":8,"stat.pickup.minecraft.dirt":143,"stat.useItem.minecraft.dirt":40,"stat.craftItem.minecraft.iron_helmet":1,"stat.drop.minecraft.iron_sword":1,"stat.useItem.minecraft.water_bucket":2,"stat.craftingTableInteraction":47,"stat.pickup.minecraft.iron_ore":182,"stat.pickup.minecraft.rotten_flesh":8,"stat.pickup.minecraft.sand":35,"stat.craftItem.minecraft.furnace":4,"stat.pickup.minecraft.gold_ore":40,"stat.useItem.minecraft.sapling":10,"stat.mineBlock.minecraft.lapis_ore":13,"stat.craftItem.minecraft.stone_axe":3,"stat.craftItem.minecraft.iron_boots":1,"stat.pickup.minecraft.wooden_pickaxe":1,"stat.drop.minecraft.leather_boots":1,"stat.damageTaken":3077,"stat.pickup.minecraft.leather":4,"stat.craftItem.minecraft.trapdoor":2,"stat.drop.minecraft.bone":4,"stat.useItem.minecraft.golden_pickaxe":168,"stat.craftItem.minecraft.stone_pickaxe":3,"stat.mineBlock.minecraft.torch":16,"stat.mineBlock.minecraft.furnace":2,"stat.useItem.minecraft.wooden_pickaxe":92,"stat.useItem.minecraft.furnace":4,"stat.craftItem.minecraft.cooked_beef":11,"stat.useItem.minecraft.rail":1,"stat.pickup.minecraft.cobblestone":1795,"stat.pickup.minecraft.leather_boots":1,"stat.pickup.minecraft.dye":74,"stat.pickup.minecraft.planks":45,"stat.useItem.minecraft.stone_shovel":51,"stat.killEntity.CaveSpider":1,"stat.flyOneCm":325278,"stat.pickup.minecraft.bed":5,"stat.pickup.minecraft.sandstone":3,"stat.craftItem.minecraft.iron_shovel":1,"stat.pickup.minecraft.brown_mushroom":5,"stat.mineBlock.minecraft.sand":28,"stat.pickup.minecraft.potato":5,"stat.killEntity.Witch":2,"stat.entityKilledBy.Zombie":2,"stat.mineBlock.minecraft.gravel":26,"stat.useItem.minecraft.stone_pickaxe":102,"stat.useItem.minecraft.cooked_beef":11,"stat.craftItem.minecraft.iron_leggings":1,"stat.damageDealt":10571,"stat.pickup.minecraft.redstone":187,"stat.mineBlock.minecraft.iron_ore":180,"stat.sleepInBed":7,"stat.timeSinceDeath":146651,"stat.killEntity.Silverfish":3,"stat.killEntity.Cow":5,"stat.useItem.minecraft.crafting_table":13,"stat.mineBlock.minecraft.dirt":134,"stat.useItem.minecraft.iron_pickaxe":2247,"stat.craftItem.minecraft.wooden_pickaxe":4,"stat.killEntity.Pig":10,"stat.pickup.minecraft.mutton":35,"stat.craftItem.minecraft.iron_sword":2,"stat.craftItem.minecraft.golden_pickaxe":5,"stat.useItem.minecraft.iron_shovel":107,"stat.drop.minecraft.cooked_mutton":3,"stat.craftItem.minecraft.stone_shovel":3,"stat.mineBlock.minecraft.monster_egg":1,"stat.walkOneCm":579394,"stat.craftItem.minecraft.bed":1,"stat.useItem.minecraft.torch":196,"stat.pickup.minecraft.stick":2,"stat.drop.minecraft.rotten_flesh":2,"stat.pickup.minecraft.crafting_table":12,"stat.useItem.minecraft.cobblestone":67,"stat.furnaceInteraction":143,"stat.craftItem.minecraft.crafting_table":4,"stat.useItem.minecraft.gravel":7,"stat.mineBlock.minecraft.rail":1,"stat.mineBlock.minecraft.double_plant":14,"stat.useItem.minecraft.cooked_porkchop":9,"stat.pickup.minecraft.trapdoor":2,"stat.mineBlock.minecraft.coal_ore":224,"stat.drop.minecraft.wool":3,"stat.killEntity.Creeper":1,"stat.mineBlock.minecraft.emerald_ore":8,"stat.pickup.minecraft.log":107,"stat.pickup.minecraft.string":3,"stat.pickup.minecraft.beef":11,"stat.pickup.minecraft.iron_pickaxe":1,"stat.useItem.minecraft.cooked_mutton":10,"stat.pickup.minecraft.furnace":2,"stat.useItem.minecraft.milk_bucket":2,"stat.entityKilledBy.Skeleton":2,"stat.craftItem.minecraft.gold_ingot":49,"stat.pickup.minecraft.stone":253,"stat.craftItem.minecraft.iron_chestplate":1,"stat.drop.minecraft.sapling":4,"stat.pickup.minecraft.sapling":17,"stat.useItem.minecraft.trapdoor":2,"stat.sprintOneCm":251038,"stat.craftItem.minecraft.stick":128,"stat.drop.minecraft.furnace":1,"stat.killEntity.Skeleton":12,"stat.craftItem.minecraft.bucket":2,"stat.useItem.minecraft.bed":6,"stat.craftItem.minecraft.planks":208,"stat.useItem.minecraft.iron_sword":149,"stat.mineBlock.minecraft.diamond_ore":21,"stat.mineBlock.minecraft.crafting_table":12,"stat.killEntity.Spider":1,"stat.mobKills":77,"stat.pickup.minecraft.emerald":7,"stat.mineBlock.minecraft.log":109,"stat.useItem.minecraft.bucket":3,"stat.mineBlock.minecraft.planks":3,"stat.deaths":4,"stat.useItem.minecraft.spruce_door":1,"stat.drop":24,"stat.pickup.minecraft.diamond":21,"stat.mineBlock.minecraft.leaves":33,"stat.playOneMinute":192981,"stat.pickup.minecraft.torch":30,"stat.killEntity.Sheep":27,"stat.mineBlock.minecraft.redstone_ore":40,"stat.sneakTime":6114,"stat.craftItem.minecraft.iron_pickaxe":11,"stat.pickup.minecraft.wool":26,"stat.drop.minecraft.stone_axe":1,"stat.killEntity.Zombie":14,"stat.mineBlock.minecraft.stone":2011,"stat.mineBlock.minecraft.gold_ore":40,"stat.mineBlock.minecraft.tallgrass":24,"stat.craftItem.minecraft.cooked_mutton":46,"stat.diveOneCm":10616,"stat.breakItem.minecraft.golden_pickaxe":5,"stat.useItem.minecraft.sandstone":2,"stat.craftItem.minecraft.spruce_door":3}