{"stat.craftItem.minecraft.stone_shovel":1,"stat.walkOneCm":27130,"stat.drop.minecraft.wooden_pickaxe":1,"stat.pickup.minecraft.crafting_table":3,"stat.craftItem.minecraft.cooked_porkchop":2,"stat.pickup.minecraft.stone_pickaxe":1,"stat.craftItem.minecraft.crafting_table":1,"stat.furnaceInteraction":5,"stat.useItem.minecraft.cooked_porkchop":2,"stat.pickup.minecraft.log":20,"stat.jump":117,"stat.swimOneCm":1088,"stat.fallOneCm":2626,"stat.entityKilledBy.Skeleton":1,"stat.useItem.minecraft.stone_axe":24,"stat.pickup.minecraft.stone":13,"stat.pickup.minecraft.porkchop":2,"stat.pickup.minecraft.sapling":1,"stat.pickup.minecraft.dirt":55,"stat.useItem.minecraft.dirt":14,"stat.sprintOneCm":21992,"stat.craftItem.minecraft.stick":12,"stat.craftingTableInteraction":7,"stat.craftItem.minecraft.furnace":1,"stat.craftItem.minecraft.planks":44,"stat.craftItem.minecraft.stone_axe":1,"stat.pickup.minecraft.wooden_pickaxe":1,"stat.mineBlock.minecraft.crafting_table":3,"stat.damageTaken":495,"stat.craftItem.minecraft.stone_pickaxe":1,"stat.useItem.minecraft.wooden_pickaxe":5,"stat.useItem.minecraft.furnace":1,"stat.pickup.minecraft.cobblestone":35,"stat.mobKills":8,"stat.mineBlock.minecraft.log":20,"stat.pickup.minecraft.planks":3,"stat.useItem.minecraft.stone_shovel":25,"stat.craftItem.minecraft.stone_sword":1,"stat.flyOneCm":21502,"stat.deaths":1,"stat.drop":1,"stat.mineBlock.minecraft.leaves":6,"stat.playOneMinute":8999,"stat.useItem.minecraft.stone_pickaxe":40,"stat.killEntity.Sheep":7,"stat.useItem.minecraft.stone_sword":33,"stat.pickup.minecraft.wool":7,"stat.damageDealt":821,"stat.timeSinceDeath":5521,"stat.useItem.minecraft.crafting_table":4,"stat.mineBlock.minecraft.dirt":50,"stat.craftItem.minecraft.wooden_pickaxe":1,"stat.mineBlock.minecraft.stone":39,"stat.killEntity.Pig":1,"stat.diveOneCm":2378,"stat.pickup.minecraft.mutton":9}