{"stat.drop.minecraft.stone_pickaxe":1,"stat.pickup.minecraft.pumpkin":2,"stat.pickup.minecraft.bone":4,"stat.useItem.minecraft.stone":15,"stat.drop.minecraft.wooden_pickaxe":1,"stat.useItem.minecraft.iron_axe":27,"stat.pickup.minecraft.arrow":5,"stat.drop.minecraft.stone_shovel":1,"stat.pickup.minecraft.iron_sword":1,"stat.craftItem.minecraft.cooked_porkchop":4,"stat.mineBlock.minecraft.cobblestone":10,"stat.mineBlock.minecraft.pumpkin":2,"stat.pickup.minecraft.stone_pickaxe":1,"stat.mineBlock.minecraft.yellow_flower":1,"stat.craftItem.minecraft.iron_axe":1,"stat.mineBlock.minecraft.sandstone":1,"stat.drop.minecraft.sandstone":1,"stat.jump":931,"stat.swimOneCm":11922,"stat.pickup.minecraft.coal":104,"stat.fallOneCm":25076,"stat.useItem.minecraft.planks":6,"stat.craftItem.minecraft.shield":1,"stat.drop.minecraft.stone":13,"stat.useItem.minecraft.stone_axe":25,"stat.drop.minecraft.stone_sword":2,"stat.pickup.minecraft.porkchop":2,"stat.crouchOneCm":6640,"stat.craftItem.minecraft.torch":44,"stat.craftItem.minecraft.iron_ingot":62,"stat.pickup.minecraft.dirt":123,"stat.useItem.minecraft.dirt":98,"stat.craftItem.minecraft.iron_helmet":1,"stat.pickup.minecraft.red_mushroom":6,"stat.mineBlock.minecraft.red_mushroom":2,"stat.useItem.minecraft.water_bucket":1,"stat.craftingTableInteraction":25,"stat.pickup.minecraft.iron_ore":98,"stat.pickup.minecraft.rotten_flesh":5,"stat.pickup.minecraft.sand":35,"stat.craftItem.minecraft.furnace":2,"stat.mineBlock.minecraft.lapis_ore":6,"stat.pickup.minecraft.iron_axe":1,"stat.craftItem.minecraft.stone_axe":1,"stat.craftItem.minecraft.iron_boots":1,"stat.pickup.minecraft.wooden_pickaxe":1,"stat.damageTaken":1544,"stat.pickup.minecraft.leather":17,"stat.craftItem.minecraft.stone_pickaxe":1,"stat.mineBlock.minecraft.furnace":6,"stat.mineBlock.minecraft.torch":7,"stat.useItem.minecraft.wooden_pickaxe":5,"stat.useItem.minecraft.furnace":6,"stat.craftItem.minecraft.cooked_beef":45,"stat.pickup.minecraft.cobblestone":110,"stat.pickup.minecraft.dye":70,"stat.pickup.minecraft.planks":43,"stat.useItem.minecraft.stone_shovel":32,"stat.pickup.minecraft.reeds":6,"stat.craftItem.minecraft.stone_sword":1,"stat.flyOneCm":139154,"stat.pickup.minecraft.bed":3,"stat.craftItem.minecraft.iron_shovel":1,"stat.pickup.minecraft.sandstone":1,"stat.pickup.minecraft.wheat_seeds":4,"stat.mineBlock.minecraft.sand":28,"stat.drop.minecraft.wheat_seeds":4,"stat.drop.minecraft.sand":4,"stat.useItem.minecraft.stone_pickaxe":95,"stat.useItem.minecraft.cooked_beef":5,"stat.useItem.minecraft.stone_sword":39,"stat.craftItem.minecraft.iron_leggings":1,"stat.damageDealt":4716,"stat.mineBlock.minecraft.iron_ore":61,"stat.sleepInBed":4,"stat.timeSinceDeath":35760,"stat.killEntity.Cow":23,"stat.useItem.minecraft.crafting_table":6,"stat.mineBlock.minecraft.dirt":118,"stat.useItem.minecraft.iron_pickaxe":212,"stat.craftItem.minecraft.wooden_pickaxe":1,"stat.killEntity.Pig":1,"stat.pickup.minecraft.mutton":17,"stat.craftItem.minecraft.iron_sword":1,"stat.useItem.minecraft.iron_shovel":88,"stat.craftItem.minecraft.stone_shovel":1,"stat.walkOneCm":156038,"stat.craftItem.minecraft.bed":2,"stat.useItem.minecraft.torch":31,"stat.drop.minecraft.rotten_flesh":3,"stat.pickup.minecraft.crafting_table":6,"stat.useItem.minecraft.cobblestone":45,"stat.craftItem.minecraft.crafting_table":1,"stat.furnaceInteraction":75,"stat.drop.minecraft.dirt":2,"stat.useItem.minecraft.cooked_porkchop":4,"stat.pickup.minecraft.iron_shovel":1,"stat.mineBlock.minecraft.double_plant":2,"stat.mineBlock.minecraft.coal_ore":111,"stat.drop.minecraft.wool":2,"stat.pickup.minecraft.log":32,"stat.pickup.minecraft.iron_pickaxe":1,"stat.pickup.minecraft.beef":45,"stat.useItem.minecraft.cooked_mutton":3,"stat.pickup.minecraft.furnace":6,"stat.entityKilledBy.Skeleton":1,"stat.pickup.minecraft.stone":46,"stat.drop.minecraft.planks":2,"stat.drop.minecraft.sapling":2,"stat.craftItem.minecraft.iron_chestplate":1,"stat.pickup.minecraft.sapling":2,"stat.sprintOneCm":115657,"stat.craftItem.minecraft.stick":28,"stat.killEntity.Skeleton":2,"stat.useItem.minecraft.bed":4,"stat.craftItem.minecraft.bucket":1,"stat.craftItem.minecraft.planks":44,"stat.useItem.minecraft.iron_sword":86,"stat.mineBlock.minecraft.crafting_table":6,"stat.pickup.minecraft.stone_sword":1,"stat.mobKills":44,"stat.mineBlock.minecraft.log":24,"stat.useItem.minecraft.bucket":2,"stat.entityKilledBy.Creeper":1,"stat.deaths":2,"stat.mineBlock.minecraft.planks":5,"stat.pickup.minecraft.water_bucket":1,"stat.drop":26,"stat.mineBlock.minecraft.leaves":11,"stat.playOneMinute":81899,"stat.pickup.minecraft.torch":16,"stat.killEntity.Sheep":13,"stat.sneakTime":3905,"stat.craftItem.minecraft.iron_pickaxe":1,"stat.pickup.minecraft.wool":14,"stat.drop.minecraft.stone_axe":1,"stat.killEntity.Zombie":3,"stat.drop.minecraft.arrow":3,"stat.drop.minecraft.yellow_flower":1,"stat.pickup.minecraft.yellow_flower":1,"stat.mineBlock.minecraft.stone":95,"stat.mineBlock.minecraft.tallgrass":19,"stat.diveOneCm":22115,"stat.pickup.minecraft.cooked_mutton":3}