{"stat.drop.minecraft.stone_pickaxe":1,"stat.pickup.minecraft.bone":4,"stat.useItem.minecraft.stone":12,"stat.drop.minecraft.wooden_pickaxe":1,"stat.useItem.minecraft.iron_axe":24,"stat.pickup.minecraft.arrow":4,"stat.drop.minecraft.stone_shovel":1,"stat.pickup.minecraft.iron_sword":1,"stat.craftItem.minecraft.cooked_porkchop":4,"stat.mineBlock.minecraft.cobblestone":4,"stat.pickup.minecraft.stone_pickaxe":1,"stat.mineBlock.minecraft.yellow_flower":1,"stat.craftItem.minecraft.iron_axe":1,"stat.mineBlock.minecraft.sandstone":1,"stat.drop.minecraft.sandstone":1,"stat.jump":496,"stat.swimOneCm":10787,"stat.pickup.minecraft.coal":55,"stat.fallOneCm":12291,"stat.useItem.minecraft.planks":6,"stat.craftItem.minecraft.shield":1,"stat.drop.minecraft.stone":10,"stat.useItem.minecraft.stone_axe":25,"stat.drop.minecraft.stone_sword":2,"stat.pickup.minecraft.porkchop":2,"stat.crouchOneCm":6361,"stat.craftItem.minecraft.torch":44,"stat.craftItem.minecraft.iron_ingot":37,"stat.pickup.minecraft.dirt":76,"stat.useItem.minecraft.dirt":66,"stat.craftItem.minecraft.iron_helmet":1,"stat.pickup.minecraft.red_mushroom":6,"stat.mineBlock.minecraft.red_mushroom":2,"stat.craftingTableInteraction":24,"stat.pickup.minecraft.iron_ore":75,"stat.pickup.minecraft.rotten_flesh":3,"stat.pickup.minecraft.sand":35,"stat.craftItem.minecraft.furnace":2,"stat.mineBlock.minecraft.lapis_ore":6,"stat.pickup.minecraft.iron_axe":1,"stat.craftItem.minecraft.stone_axe":1,"stat.craftItem.minecraft.iron_boots":1,"stat.pickup.minecraft.wooden_pickaxe":1,"stat.damageTaken":1360,"stat.pickup.minecraft.leather":5,"stat.craftItem.minecraft.stone_pickaxe":1,"stat.mineBlock.minecraft.furnace":4,"stat.mineBlock.minecraft.torch":4,"stat.useItem.minecraft.wooden_pickaxe":5,"stat.useItem.minecraft.furnace":4,"stat.craftItem.minecraft.cooked_beef":8,"stat.pickup.minecraft.cobblestone":99,"stat.pickup.minecraft.dye":70,"stat.pickup.minecraft.planks":43,"stat.useItem.minecraft.stone_shovel":32,"stat.pickup.minecraft.reeds":6,"stat.craftItem.minecraft.stone_sword":1,"stat.flyOneCm":71630,"stat.craftItem.minecraft.iron_shovel":1,"stat.pickup.minecraft.sandstone":1,"stat.pickup.minecraft.wheat_seeds":4,"stat.mineBlock.minecraft.sand":28,"stat.drop.minecraft.sand":4,"stat.useItem.minecraft.stone_pickaxe":95,"stat.useItem.minecraft.cooked_beef":1,"stat.useItem.minecraft.stone_sword":39,"stat.craftItem.minecraft.iron_leggings":1,"stat.damageDealt":2337,"stat.mineBlock.minecraft.iron_ore":51,"stat.sleepInBed":1,"stat.timeSinceDeath":11460,"stat.killEntity.Cow":8,"stat.useItem.minecraft.crafting_table":5,"stat.mineBlock.minecraft.dirt":71,"stat.useItem.minecraft.iron_pickaxe":135,"stat.craftItem.minecraft.wooden_pickaxe":1,"stat.killEntity.Pig":1,"stat.pickup.minecraft.mutton":9,"stat.craftItem.minecraft.iron_sword":1,"stat.useItem.minecraft.iron_shovel":44,"stat.craftItem.minecraft.stone_shovel":1,"stat.walkOneCm":106338,"stat.craftItem.minecraft.bed":1,"stat.useItem.minecraft.torch":21,"stat.drop.minecraft.rotten_flesh":3,"stat.pickup.minecraft.crafting_table":5,"stat.useItem.minecraft.cobblestone":35,"stat.craftItem.minecraft.crafting_table":1,"stat.furnaceInteraction":50,"stat.drop.minecraft.dirt":2,"stat.useItem.minecraft.cooked_porkchop":4,"stat.pickup.minecraft.iron_shovel":1,"stat.mineBlock.minecraft.double_plant":1,"stat.mineBlock.minecraft.coal_ore":62,"stat.pickup.minecraft.log":32,"stat.pickup.minecraft.iron_pickaxe":1,"stat.pickup.minecraft.beef":17,"stat.useItem.minecraft.cooked_mutton":3,"stat.pickup.minecraft.furnace":4,"stat.entityKilledBy.Skeleton":1,"stat.pickup.minecraft.stone":46,"stat.drop.minecraft.sapling":1,"stat.craftItem.minecraft.iron_chestplate":1,"stat.pickup.minecraft.sapling":2,"stat.sprintOneCm":62664,"stat.craftItem.minecraft.stick":28,"stat.killEntity.Skeleton":1,"stat.useItem.minecraft.bed":1,"stat.craftItem.minecraft.bucket":1,"stat.craftItem.minecraft.planks":44,"stat.useItem.minecraft.iron_sword":29,"stat.mineBlock.minecraft.crafting_table":5,"stat.pickup.minecraft.stone_sword":1,"stat.mobKills":21,"stat.mineBlock.minecraft.log":24,"stat.useItem.minecraft.bucket":1,"stat.entityKilledBy.Creeper":1,"stat.deaths":2,"stat.mineBlock.minecraft.planks":5,"stat.pickup.minecraft.water_bucket":1,"stat.drop":18,"stat.mineBlock.minecraft.leaves":8,"stat.playOneMinute":57599,"stat.pickup.minecraft.torch":12,"stat.killEntity.Sheep":7,"stat.sneakTime":3741,"stat.craftItem.minecraft.iron_pickaxe":1,"stat.pickup.minecraft.wool":8,"stat.drop.minecraft.stone_axe":1,"stat.killEntity.Zombie":2,"stat.pickup.minecraft.yellow_flower":1,"stat.mineBlock.minecraft.stone":89,"stat.mineBlock.minecraft.tallgrass":18,"stat.diveOneCm":19388,"stat.pickup.minecraft.cooked_mutton":3}