{"stat.drop.minecraft.stone_pickaxe":1,"stat.chestOpened":16,"stat.pickup.minecraft.pumpkin":2,"stat.pickup.minecraft.bone":7,"stat.useItem.minecraft.stone":17,"stat.drop.minecraft.wooden_pickaxe":1,"stat.useItem.minecraft.iron_axe":27,"stat.pickup.minecraft.gravel":29,"stat.leaveGame":1,"stat.pickup.minecraft.arrow":7,"stat.drop.minecraft.stone_shovel":1,"stat.pickup.minecraft.iron_sword":1,"stat.pickup.minecraft.record_blocks":1,"stat.craftItem.minecraft.cooked_porkchop":4,"stat.mineBlock.minecraft.cobblestone":49,"stat.mineBlock.minecraft.pumpkin":2,"stat.drop.minecraft.gunpowder":2,"stat.pickup.minecraft.stone_pickaxe":1,"stat.pickup.minecraft.flint":2,"stat.mineBlock.minecraft.yellow_flower":1,"stat.craftItem.minecraft.iron_axe":1,"stat.mineBlock.minecraft.sandstone":1,"stat.drop.minecraft.sandstone":1,"stat.jump":1298,"stat.swimOneCm":11922,"stat.pickup.minecraft.coal":114,"stat.fallOneCm":27972,"stat.useItem.minecraft.planks":6,"stat.craftItem.minecraft.shield":1,"stat.drop.minecraft.stone":13,"stat.pickup.minecraft.glowstone_dust":2,"stat.useItem.minecraft.stone_axe":25,"stat.drop.minecraft.stone_sword":2,"stat.pickup.minecraft.porkchop":2,"stat.pickup.minecraft.gunpowder":6,"stat.crouchOneCm":15549,"stat.pickup.minecraft.spider_eye":1,"stat.craftItem.minecraft.torch":76,"stat.craftItem.minecraft.iron_ingot":62,"stat.craftItem.minecraft.chest":2,"stat.breakItem.minecraft.iron_pickaxe":3,"stat.pickup.minecraft.dirt":126,"stat.useItem.minecraft.dirt":98,"stat.craftItem.minecraft.iron_helmet":1,"stat.pickup.minecraft.red_mushroom":6,"stat.pickup.minecraft.bow":1,"stat.mineBlock.minecraft.red_mushroom":2,"stat.useItem.minecraft.water_bucket":1,"stat.craftingTableInteraction":44,"stat.pickup.minecraft.iron_ore":161,"stat.pickup.minecraft.rotten_flesh":12,"stat.pickup.minecraft.sand":35,"stat.craftItem.minecraft.furnace":2,"stat.pickup.minecraft.gold_ore":2,"stat.mineBlock.minecraft.lapis_ore":10,"stat.pickup.minecraft.iron_axe":1,"stat.craftItem.minecraft.stone_axe":1,"stat.craftItem.minecraft.iron_boots":1,"stat.pickup.minecraft.wooden_pickaxe":1,"stat.mineBlock.minecraft.stone_stairs":3,"stat.damageTaken":2232,"stat.pickup.minecraft.leather":17,"stat.craftItem.minecraft.stone_pickaxe":1,"stat.mineBlock.minecraft.furnace":6,"stat.mineBlock.minecraft.torch":20,"stat.useItem.minecraft.wooden_pickaxe":5,"stat.useItem.minecraft.furnace":8,"stat.craftItem.minecraft.cooked_beef":45,"stat.pickup.minecraft.cobblestone":635,"stat.pickup.minecraft.dye":93,"stat.pickup.minecraft.planks":43,"stat.useItem.minecraft.stone_shovel":32,"stat.pickup.minecraft.reeds":6,"stat.craftItem.minecraft.stone_sword":1,"stat.flyOneCm":174880,"stat.pickup.minecraft.bed":8,"stat.craftItem.minecraft.iron_shovel":1,"stat.pickup.minecraft.sandstone":1,"stat.pickup.minecraft.glass_bottle":4,"stat.pickup.minecraft.wheat_seeds":5,"stat.mineBlock.minecraft.sand":28,"stat.killEntity.Witch":1,"stat.drop.minecraft.wheat_seeds":5,"stat.drop.minecraft.sand":4,"stat.mineBlock.minecraft.gravel":23,"stat.useItem.minecraft.stone_pickaxe":95,"stat.useItem.minecraft.cooked_beef":13,"stat.useItem.minecraft.stone_sword":39,"stat.craftItem.minecraft.iron_leggings":1,"stat.damageDealt":8315,"stat.mineBlock.minecraft.iron_ore":123,"stat.sleepInBed":5,"stat.timeSinceDeath":72462,"stat.killEntity.Cow":23,"stat.useItem.minecraft.crafting_table":7,"stat.mineBlock.minecraft.dirt":121,"stat.useItem.minecraft.iron_pickaxe":901,"stat.craftItem.minecraft.wooden_pickaxe":1,"stat.killEntity.Pig":1,"stat.drop.minecraft.spider_eye":1,"stat.pickup.minecraft.mutton":17,"stat.craftItem.minecraft.iron_sword":1,"stat.useItem.minecraft.iron_shovel":115,"stat.craftItem.minecraft.stone_shovel":1,"stat.walkOneCm":252221,"stat.craftItem.minecraft.bed":2,"stat.useItem.minecraft.torch":76,"stat.useItem.minecraft.chest":2,"stat.drop.minecraft.rotten_flesh":5,"stat.craftItem.minecraft.stone_stairs":140,"stat.pickup.minecraft.crafting_table":6,"stat.useItem.minecraft.cobblestone":196,"stat.craftItem.minecraft.crafting_table":1,"stat.furnaceInteraction":78,"stat.drop.minecraft.dirt":2,"stat.useItem.minecraft.cooked_porkchop":4,"stat.pickup.minecraft.iron_shovel":1,"stat.mineBlock.minecraft.double_plant":2,"stat.mineBlock.minecraft.coal_ore":120,"stat.drop.minecraft.wool":2,"stat.killEntity.Creeper":1,"stat.pickup.minecraft.log":32,"stat.pickup.minecraft.string":10,"stat.pickup.minecraft.iron_pickaxe":1,"stat.pickup.minecraft.beef":45,"stat.useItem.minecraft.cooked_mutton":3,"stat.pickup.minecraft.furnace":6,"stat.entityKilledBy.Skeleton":1,"stat.pickup.minecraft.stone":141,"stat.drop.minecraft.planks":2,"stat.drop.minecraft.sapling":2,"stat.craftItem.minecraft.iron_chestplate":1,"stat.pickup.minecraft.sapling":2,"stat.sprintOneCm":163870,"stat.useItem.minecraft.stone_stairs":143,"stat.craftItem.minecraft.stick":44,"stat.killEntity.Skeleton":7,"stat.drop.minecraft.bow":1,"stat.useItem.minecraft.bed":10,"stat.craftItem.minecraft.bucket":1,"stat.craftItem.minecraft.planks":64,"stat.useItem.minecraft.iron_sword":156,"stat.pickup.minecraft.stone_stairs":3,"stat.mineBlock.minecraft.crafting_table":6,"stat.killEntity.Spider":5,"stat.pickup.minecraft.stone_sword":1,"stat.mobKills":62,"stat.mineBlock.minecraft.log":24,"stat.useItem.minecraft.bucket":2,"stat.entityKilledBy.Creeper":1,"stat.pickup.minecraft.sugar":1,"stat.deaths":2,"stat.mineBlock.minecraft.planks":5,"stat.pickup.minecraft.water_bucket":1,"stat.drop":34,"stat.mineBlock.minecraft.leaves":11,"stat.playOneMinute":118601,"stat.pickup.minecraft.torch":29,"stat.drop.minecraft.string":5,"stat.killEntity.Sheep":13,"stat.sneakTime":8331,"stat.craftItem.minecraft.iron_pickaxe":5,"stat.pickup.minecraft.wool":14,"stat.drop.minecraft.stone_axe":1,"stat.killEntity.Zombie":9,"stat.drop.minecraft.arrow":3,"stat.drop.minecraft.yellow_flower":1,"stat.drop.minecraft.glass_bottle":4,"stat.pickup.minecraft.yellow_flower":1,"stat.mineBlock.minecraft.stone":658,"stat.mineBlock.minecraft.gold_ore":2,"stat.mineBlock.minecraft.tallgrass":20,"stat.diveOneCm":22115,"stat.pickup.minecraft.cooked_mutton":3}