{"stat.drop.minecraft.stone_pickaxe":1,"stat.pickup.minecraft.bone":2,"stat.useItem.minecraft.stone":1,"stat.drop.minecraft.wooden_pickaxe":1,"stat.pickup.minecraft.arrow":2,"stat.drop.minecraft.stone_shovel":1,"stat.craftItem.minecraft.cooked_porkchop":4,"stat.mineBlock.minecraft.cobblestone":2,"stat.pickup.minecraft.stone_pickaxe":1,"stat.craftItem.minecraft.iron_axe":1,"stat.mineBlock.minecraft.sandstone":1,"stat.drop.minecraft.sandstone":1,"stat.jump":287,"stat.swimOneCm":6640,"stat.pickup.minecraft.coal":42,"stat.fallOneCm":5992,"stat.useItem.minecraft.planks":4,"stat.drop.minecraft.stone":4,"stat.useItem.minecraft.stone_axe":25,"stat.drop.minecraft.stone_sword":2,"stat.pickup.minecraft.porkchop":2,"stat.crouchOneCm":5480,"stat.craftItem.minecraft.torch":12,"stat.craftItem.minecraft.iron_ingot":12,"stat.pickup.minecraft.dirt":72,"stat.useItem.minecraft.dirt":66,"stat.pickup.minecraft.red_mushroom":2,"stat.mineBlock.minecraft.red_mushroom":1,"stat.craftingTableInteraction":16,"stat.pickup.minecraft.iron_ore":36,"stat.pickup.minecraft.sand":4,"stat.craftItem.minecraft.furnace":2,"stat.mineBlock.minecraft.lapis_ore":6,"stat.craftItem.minecraft.stone_axe":1,"stat.pickup.minecraft.wooden_pickaxe":1,"stat.damageTaken":1060,"stat.craftItem.minecraft.stone_pickaxe":1,"stat.mineBlock.minecraft.furnace":1,"stat.mineBlock.minecraft.torch":3,"stat.useItem.minecraft.wooden_pickaxe":5,"stat.useItem.minecraft.furnace":3,"stat.pickup.minecraft.cobblestone":80,"stat.pickup.minecraft.dye":35,"stat.pickup.minecraft.planks":26,"stat.useItem.minecraft.stone_shovel":32,"stat.craftItem.minecraft.stone_sword":1,"stat.flyOneCm":31595,"stat.craftItem.minecraft.iron_shovel":1,"stat.pickup.minecraft.sandstone":1,"stat.mineBlock.minecraft.sand":6,"stat.drop.minecraft.sand":4,"stat.useItem.minecraft.stone_pickaxe":95,"stat.useItem.minecraft.stone_sword":39,"stat.damageDealt":1385,"stat.mineBlock.minecraft.iron_ore":36,"stat.timeSinceDeath":29821,"stat.useItem.minecraft.crafting_table":5,"stat.mineBlock.minecraft.dirt":67,"stat.useItem.minecraft.iron_pickaxe":86,"stat.craftItem.minecraft.wooden_pickaxe":1,"stat.killEntity.Pig":1,"stat.pickup.minecraft.mutton":9,"stat.craftItem.minecraft.iron_sword":1,"stat.useItem.minecraft.iron_shovel":11,"stat.craftItem.minecraft.stone_shovel":1,"stat.walkOneCm":73603,"stat.craftItem.minecraft.bed":1,"stat.useItem.minecraft.torch":15,"stat.pickup.minecraft.crafting_table":4,"stat.useItem.minecraft.cobblestone":35,"stat.craftItem.minecraft.crafting_table":1,"stat.furnaceInteraction":20,"stat.useItem.minecraft.cooked_porkchop":4,"stat.mineBlock.minecraft.coal_ore":48,"stat.pickup.minecraft.log":20,"stat.useItem.minecraft.cooked_mutton":3,"stat.pickup.minecraft.furnace":1,"stat.entityKilledBy.Skeleton":1,"stat.pickup.minecraft.stone":23,"stat.drop.minecraft.sapling":1,"stat.pickup.minecraft.sapling":1,"stat.sprintOneCm":35511,"stat.craftItem.minecraft.stick":20,"stat.killEntity.Skeleton":1,"stat.useItem.minecraft.bed":1,"stat.craftItem.minecraft.bucket":1,"stat.craftItem.minecraft.planks":44,"stat.useItem.minecraft.iron_sword":6,"stat.mineBlock.minecraft.crafting_table":4,"stat.pickup.minecraft.stone_sword":1,"stat.mobKills":11,"stat.mineBlock.minecraft.log":20,"stat.useItem.minecraft.bucket":1,"stat.deaths":1,"stat.drop":10,"stat.mineBlock.minecraft.leaves":6,"stat.playOneMinute":33299,"stat.pickup.minecraft.torch":5,"stat.killEntity.Sheep":7,"stat.sneakTime":3107,"stat.craftItem.minecraft.iron_pickaxe":1,"stat.pickup.minecraft.wool":7,"stat.drop.minecraft.stone_axe":1,"stat.mineBlock.minecraft.stone":80,"stat.diveOneCm":13277,"stat.pickup.minecraft.cooked_mutton":3}