{"stat.leaveGame":2,"stat.drop.minecraft.gunpowder":2,"stat.craftItem.minecraft.iron_axe":1,"stat.mineBlock.minecraft.sandstone":1,"stat.useItem.minecraft.planks":25,"stat.craftItem.minecraft.shield":1,"stat.pickup.minecraft.glowstone_dust":2,"stat.pickup.minecraft.porkchop":2,"stat.mineBlock.minecraft.red_mushroom":2,"stat.useItem.minecraft.water_bucket":17,"stat.pickup.minecraft.rotten_flesh":18,"stat.pickup.minecraft.sand":232,"stat.craftItem.minecraft.stone_axe":1,"stat.craftItem.minecraft.stone_sword":1,"stat.craftItem.minecraft.iron_shovel":2,"stat.mineBlock.minecraft.sand":226,"stat.killEntity.Witch":1,"stat.drop.minecraft.sand":4,"stat.useItem.minecraft.iron_pickaxe":3268,"stat.craftItem.minecraft.wooden_pickaxe":1,"stat.useItem.minecraft.iron_shovel":400,"stat.craftItem.minecraft.bed":2,"stat.craftItem.minecraft.glass_pane":16,"stat.furnaceInteraction":105,"stat.pickup.minecraft.beef":45,"stat.useItem.minecraft.cooked_mutton":3,"stat.pickup.minecraft.furnace":6,"stat.useItem.minecraft.trapdoor":6,"stat.useItem.minecraft.stone_stairs":148,"stat.pickup.minecraft.stone_stairs":7,"stat.pickup.minecraft.emerald":4,"stat.deaths":2,"stat.playOneMinute":217467,"stat.drop.minecraft.string":5,"stat.craftItem.minecraft.iron_pickaxe":13,"stat.drop.minecraft.glass_bottle":4,"stat.mineBlock.minecraft.tallgrass":21,"stat.pickup.minecraft.cooked_mutton":3,"stat.chestOpened":57,"stat.pickup.minecraft.pumpkin":2,"stat.useItem.minecraft.stone":31,"stat.pickup.minecraft.arrow":7,"stat.pickup.minecraft.iron_sword":1,"stat.fallOneCm":34053,"stat.drop.minecraft.stone":13,"stat.drop.minecraft.stone_sword":2,"stat.crouchOneCm":38836,"stat.craftItem.minecraft.iron_ingot":157,"stat.craftItem.minecraft.chest":6,"stat.pickup.minecraft.red_mushroom":6,"stat.craftingTableInteraction":60,"stat.pickup.minecraft.wooden_pickaxe":1,"stat.useItem.minecraft.furnace":8,"stat.pickup.minecraft.dye":98,"stat.pickup.minecraft.planks":49,"stat.pickup.minecraft.wheat_seeds":5,"stat.mineBlock.minecraft.gravel":55,"stat.useItem.minecraft.stone_pickaxe":95,"stat.useItem.minecraft.stone_sword":39,"stat.craftItem.minecraft.iron_leggings":1,"stat.mineBlock.minecraft.dirt":141,"stat.useItem.minecraft.torch":241,"stat.drop.minecraft.rotten_flesh":11,"stat.craftItem.minecraft.stone_stairs":144,"stat.pickup.minecraft.crafting_table":6,"stat.useItem.minecraft.log":47,"stat.useItem.minecraft.cobblestone":470,"stat.craftItem.minecraft.crafting_table":1,"stat.mineBlock.minecraft.double_plant":2,"stat.mineBlock.minecraft.emerald_ore":3,"stat.pickup.minecraft.log":125,"stat.pickup.minecraft.iron_pickaxe":1,"stat.craftItem.minecraft.gold_ingot":22,"stat.drop.minecraft.planks":2,"stat.drop.minecraft.sapling":2,"stat.pickup.minecraft.sapling":19,"stat.useItem.minecraft.glass_pane":6,"stat.drop.minecraft.bow":1,"stat.craftItem.minecraft.bucket":1,"stat.craftItem.minecraft.planks":164,"stat.useItem.minecraft.iron_sword":173,"stat.pickup.minecraft.stone_sword":1,"stat.mineBlock.minecraft.log":117,"stat.sneakTime":17175,"stat.pickup.minecraft.wool":14,"stat.drop.minecraft.yellow_flower":1,"stat.pickup.minecraft.yellow_flower":1,"stat.drop.minecraft.stone_pickaxe":1,"stat.pickup.minecraft.bone":7,"stat.useItem.minecraft.iron_axe":160,"stat.drop.minecraft.stone_shovel":1,"stat.pickup.minecraft.record_blocks":1,"stat.mineBlock.minecraft.cobblestone":66,"stat.mineBlock.minecraft.pumpkin":2,"stat.pickup.minecraft.stone_pickaxe":1,"stat.pickup.minecraft.flint":4,"stat.mineBlock.minecraft.yellow_flower":1,"stat.swimOneCm":31327,"stat.breakItem.minecraft.iron_pickaxe":12,"stat.useItem.minecraft.dirt":102,"stat.pickup.minecraft.bow":1,"stat.craftItem.minecraft.furnace":2,"stat.craftItem.minecraft.iron_boots":1,"stat.useItem.minecraft.iron_ore":2,"stat.craftItem.minecraft.trapdoor":4,"stat.craftItem.minecraft.stone_pickaxe":1,"stat.craftItem.minecraft.cooked_beef":45,"stat.pickup.minecraft.cobblestone":2287,"stat.mineBlock.minecraft.clay":17,"stat.useItem.minecraft.stone_shovel":32,"stat.flyOneCm":419778,"stat.pickup.minecraft.sandstone":1,"stat.pickup.minecraft.glass_bottle":4,"stat.drop.minecraft.wheat_seeds":5,"stat.useItem.minecraft.cooked_beef":25,"stat.pickup.minecraft.redstone":176,"stat.mineBlock.minecraft.iron_ore":271,"stat.timeSinceDeath":171328,"stat.drop.minecraft.spider_eye":1,"stat.pickup.minecraft.mutton":17,"stat.drop.minecraft.dirt":2,"stat.useItem.minecraft.cooked_porkchop":4,"stat.pickup.minecraft.iron_shovel":1,"stat.pickup.minecraft.trapdoor":2,"stat.mineBlock.minecraft.coal_ore":162,"stat.drop.minecraft.wool":2,"stat.killEntity.Creeper":1,"stat.pickup.minecraft.string":10,"stat.entityKilledBy.Skeleton":1,"stat.sprintOneCm":397043,"stat.craftItem.minecraft.stick":88,"stat.useItem.minecraft.bed":10,"stat.mineBlock.minecraft.diamond_ore":29,"stat.mineBlock.minecraft.crafting_table":6,"stat.useItem.minecraft.bucket":18,"stat.entityKilledBy.Creeper":1,"stat.pickup.minecraft.sugar":1,"stat.mineBlock.minecraft.planks":11,"stat.drop":36,"stat.killEntity.Sheep":13,"stat.breakItem.minecraft.iron_shovel":1,"stat.killEntity.Zombie":13,"stat.mineBlock.minecraft.gold_ore":40,"stat.diveOneCm":30827,"stat.drop.minecraft.wooden_pickaxe":1,"stat.pickup.minecraft.gravel":127,"stat.craftItem.minecraft.cooked_porkchop":4,"stat.drop.minecraft.sandstone":1,"stat.jump":3175,"stat.pickup.minecraft.coal":156,"stat.useItem.minecraft.stone_axe":25,"stat.pickup.minecraft.gunpowder":6,"stat.pickup.minecraft.spider_eye":1,"stat.craftItem.minecraft.torch":172,"stat.pickup.minecraft.dirt":146,"stat.craftItem.minecraft.iron_helmet":1,"stat.pickup.minecraft.iron_ore":309,"stat.pickup.minecraft.gold_ore":40,"stat.useItem.minecraft.sapling":17,"stat.mineBlock.minecraft.lapis_ore":11,"stat.pickup.minecraft.iron_axe":1,"stat.mineBlock.minecraft.stone_stairs":7,"stat.damageTaken":2614,"stat.pickup.minecraft.leather":17,"stat.mineBlock.minecraft.furnace":6,"stat.mineBlock.minecraft.torch":80,"stat.useItem.minecraft.wooden_pickaxe":5,"stat.pickup.minecraft.reeds":6,"stat.pickup.minecraft.bed":8,"stat.damageDealt":9084,"stat.craftItem.minecraft.glass":30,"stat.sleepInBed":7,"stat.killEntity.Cow":23,"stat.useItem.minecraft.crafting_table":7,"stat.killEntity.Pig":1,"stat.craftItem.minecraft.iron_sword":1,"stat.craftItem.minecraft.stone_shovel":1,"stat.walkOneCm":506580,"stat.useItem.minecraft.chest":6,"stat.pickup.minecraft.clay_ball":68,"stat.pickup.minecraft.stone":524,"stat.useItem.minecraft.spruce_stairs":8,"stat.craftItem.minecraft.iron_chestplate":1,"stat.killEntity.Skeleton":7,"stat.killEntity.Spider":5,"stat.mobKills":67,"stat.pickup.minecraft.water_bucket":1,"stat.pickup.minecraft.diamond":29,"stat.mineBlock.minecraft.leaves":42,"stat.pickup.minecraft.torch":93,"stat.mineBlock.minecraft.redstone_ore":40,"stat.drop.minecraft.stone_axe":1,"stat.craftItem.minecraft.spruce_stairs":8,"stat.drop.minecraft.arrow":3,"stat.mineBlock.minecraft.stone":2672}